mass,initial_x,initial_y,initial_x_velocity,initial_y_velocity
3.7456735575422777,65.49027872457486,37.025523975216636,-9.95752934252964,0.46716780495861343
2.6396911781943926,60.88659329173471,18.125163037981075,-4.823601417867049,-2.238860362372101
1.3447448527999522,99.27549848993267,87.45099546402571,-6.745728155024637,-2.4234399921034955
4.156831499318255,1.2053091685298112,35.921640715002354,-1.1461233431211824,7.978026617129991
1.78072546713695,52.38328007679813,10.950724505398357,-7.3678042386190405,0.558993079222045
3.4095306220047457,4.106450402809614,6.368252603405877,5.312354688277221,1.9508678439177167
6.0270916315570435,84.91373215232598,90.85508365234344,-4.191238698695905,-2.16674145524485
2.002897172630304,83.49877709944278,66.23199493174596,-1.310115645858973,7.868979835640214
4.6703529625721725,90.753346893811,94.72295193081251,-5.5004912089578735,3.5604484393429843
6.262847415381929,86.640956782193,36.54682187346863,7.591674588427107,9.515062861208289
9.77270110938186,1.643632216871449,3.1415488068919806,0.61169709038289,6.695811309070635
2.960422967502644,1.6449887963584486,89.23431570039672,-3.189285364790142,-5.664611445986938
2.150682205510008,18.686007814798177,35.89663909792365,-0.19393145113714283,9.221262241804794
5.564878570738934,20.487160011173465,2.9109646512637144,8.514998712666241,5.536089581612453
9.617266623001314,13.39158628406264,42.37077313334533,-0.9919889549110152,-8.174334976107716
8.746056326584872,47.92249399779137,10.64983018849237,1.0772552072451251,-8.748401146218718
4.646580937226189,86.78310012243229,80.96579592031226,6.747757274834832,8.646906794982613
7.182436339474519,67.07191147513475,52.6103637312358,-0.884228084567269,-6.283496281371028
5.081006420343236,64.66070467293414,62.70776212388641,1.818079916302029,0.6372115920425951
9.108096214812532,33.6193178829202,95.69617629471145,6.643240935118261,7.259840487742768
7.003230377691209,95.97054762869813,83.03414391713693,-3.7901987221245808,8.534191359620085
5.56540492271165,32.35065222943414,77.05103540231211,5.756544629847147,0.8288427066168289
3.8807369686740922,28.030260435207023,15.319358735783917,-4.315948443300515,2.650496640015083
7.182507203446926,8.135320158006799,8.173629633386204,-5.752566846970644,-6.240442942156495
5.047155068010935,85.28498419400896,46.29791605386637,-6.4779230677448,1.3077362033399744
4.141332379658692,54.18636966543583,36.18963186670601,8.758970377544458,2.5196421208294684
1.9159505959737937,92.2183242446032,24.379493453075817,-6.338884485428302,-3.668933032984734
2.137062735851866,52.278028502598175,41.390165063149645,1.2018692757654303,0.12248357375734109
5.5976163997668715,11.993485349996757,97.80955264126308,0.7913897150767468,-8.445512895541645
3.4715061344316487,8.977766223899032,32.960598414246014,6.571915827321032,9.059568910876667
8.414748488438097,77.84491955044837,66.85525839443571,-4.071709391546243,-5.7880302287463214
5.576364314330987,26.154273726349565,55.195401686015856,-1.1210023541724983,7.0283692774754485
1.6665805562403502,67.60463453445512,53.165513838109476,-1.1996485148332496,9.41843520663311
3.9660555816228507,96.328941077813,80.55545091216193,8.903770462650836,4.407916739194437
8.190159719270088,13.891662910026636,21.64419878727488,-2.50313196452165,-5.767300126881558
9.089245865991096,82.4362043730376,62.65648741615594,-5.922061332412616,6.732083272381093
6.200719922013678,95.83393902556678,0.17681277629298942,2.1946974829999775,-4.938125056135441
4.865821757040136,86.0565094220578,78.402221200585,-6.803886943660633,-2.7818740379549496
9.919479994742481,79.39775530966372,69.36182846784101,-1.0852578767894663,9.508223298367348
1.0209117601869813,45.63365127115803,18.62805817178267,-2.573188910555329,-1.4915368801694484
5.974111748496794,63.13412806386706,69.59530535812624,2.6889913378941195,9.676616482868933
8.777082778362708,85.77125501572709,85.99836911089879,7.064733095836708,6.735446777232557
6.2847541271959555,57.64550424281267,1.9755871132047909,1.3855205758806726,-2.225096519263583
1.212003253694507,36.407286201301424,8.16141709420598,-1.7430994854199113,5.075209746752387
8.272777161245575,32.28527142327452,3.7496829421682754,-8.562184799601916,-4.705637046261781
5.0151626638110995,34.54115275117896,8.602144286171542,-2.0440498695139393,-6.985897200992326
1.0981120458779494,30.581634985867566,75.49511731995474,9.174933870724367,-2.7726152363408296
4.595842705501935,68.76866836936347,94.52888091264437,-2.0756462728232528,9.534633774887165
1.4393025224616278,72.15939706038337,75.23055922674365,-5.135210481307393,-1.8514058542586866
1.9987574294002652,40.21939103643481,31.774974639826915,-3.475408920903873,8.397107301390172
3.165508492592524,6.656917476879087,17.693913392137382,-2.9502727519918555,1.1032241841510029
5.880987771937559,6.608084052672902,81.939715319921,7.20063348397823,5.454055535814648
2.9261565915502805,4.129312752355974,30.180099667276185,1.4282190824278889,8.28822401930497
9.061533377900329,84.249942030128,76.8174972840111,-0.193371450260738,-6.7880916994124245
9.545703840725114,60.674840181390934,16.002825726470505,4.817103802062732,4.386345420727407
6.8837006894761545,59.20040867473663,38.00349300253279,3.7041504051709957,-8.338862551614044
9.464861962041583,33.72635701103546,19.586832873950332,2.3342085043293874,-0.09017581732750735
3.57367431750211,61.20054584824862,59.68651106319517,2.504483557212396,3.7886376282192185
4.40487823834254,66.84450691937222,42.47658276657096,9.397360263345977,0.9382365097353471
8.365503785928126,81.89441773207086,60.13540308109593,6.220987772934091,-6.468580007865066
8.460298319517687,50.31762515631759,68.70838553771979,7.497349983002707,-6.3404183673951735
8.915514788014164,24.061918880028898,24.13091541388316,-8.548435114985732,7.90038617596764
8.01718906014107,38.47423357337478,2.4976067253569045,-3.5069404352386364,-7.96787744840314
9.664385256558635,26.251543616434624,14.078983537263712,-2.448105035053505,-4.760491819188339
4.527596834127581,24.305303546378198,93.0729557818027,3.94595055618627,-2.408780884913053
4.08119878989141,23.099932570141924,21.624008629975634,0.16659270867744702,-3.664959883337975
7.9684671778841984,68.31122726548561,42.66921332071322,-1.629415934953272,3.459405874617513
6.5459720464662015,6.894434287061236,89.75905689535828,0.8049503240711768,-4.3985666267961125
1.5474439074761819,82.2965953564104,21.01036111841057,5.0767677956639155,-6.48318299462262
6.910326434348538,60.36427982269692,48.554100981040996,6.858461898184732,-2.2113104026676993
2.1374227564774917,97.34448349532265,4.378620641814002,2.3498484350909727,8.627694767845217
8.557302393000104,85.89138479924829,46.97292033032151,-6.088338865863596,8.166665536145231
2.771026974222597,50.9508184516568,97.30573368412027,-6.77299819976517,5.233760604312639
2.5322219670653627,85.61725769958868,76.2745365801959,-7.84914871355928,-6.555874057260141
6.308749233277068,98.06223627389201,86.91209421432224,9.927798524952888,-3.73988945019015
7.357444369264079,47.93457009469383,26.79297641075499,-8.55211149041371,-4.397248851681683
2.3065731485204406,4.4361855704264315,44.63146396449746,8.599886605262157,2.427039143208587
6.627393820910217,43.558923393996885,18.800536629430333,4.731224464216879,6.4398271203140425
8.016922058026362,70.04679034860104,40.42714705421506,8.92460481342792,2.4095410791812526
5.787632096954352,96.68904316628682,35.57125320172759,7.47352382488296,-0.6398948422874629
8.300119395261,68.69306200017681,12.18967181119991,-4.807787803030569,-4.322356344796199
6.486028797175765,96.30437469954465,11.89272503495793,3.874622056462364,-1.4422867030877597
9.459674854880179,10.371575094262885,95.74476894519557,5.648874103619278,-2.4578058307598383
6.472133008486168,1.5444668864023736,14.838817116183856,-4.3884333341028725,6.142748053886752
3.48665165469982,72.6737108428527,20.499722217243487,9.611275278381179,-9.628318822453533
8.471125254318547,31.74209893340866,63.56113330278228,5.678295022173806,7.666470999935228
1.6947769033829756,10.404340617031982,41.71433520753611,5.683097865443303,-1.983846842494863
4.923038600879341,5.131362097541958,33.7409538614287,-7.740989562194982,0.8184302599864282
8.174376755862383,72.28939901108653,83.05385234989167,0.7404313791260808,-3.742238836842069
5.990073217417404,90.38511963963646,79.5152745111773,9.505368276056092,5.100563894892581
4.290667132634965,40.091320201275835,97.65947648002042,-5.395178356172905,-7.466445446348193
6.0511732254132875,50.83025616135556,72.3430017365577,-9.076830018917867,2.097033328051195
7.518717070107845,79.57761866295657,64.27750802812693,5.697579249426036,6.159278796201658
5.378989928633012,99.70805708792746,68.02771358894675,6.995706317711782,4.189431962766681
5.703146663348949,48.345567554287705,38.39618122954642,-5.436686632995309,-5.3089435279928265
4.163570653961882,86.53518402335028,78.40026870983998,-9.661118557927535,-0.29725916534498253
3.6721192784591503,73.72750198952053,70.95982654305587,8.073902121967105,1.2365146545373094
4.065495734509533,73.4340682544717,90.62193079923078,5.245784964227793,1.3567306576695657
4.846729312848667,41.85567856871183,46.49336154813841,-6.3182256871417986,5.696521106759116
1.5884290346164778,81.85503356426827,31.758336983465462,9.581012603431653,7.217496326200401
6.929606882112853,93.23268704771395,69.8296204073355,5.459685366499423,-7.880231549476204
6.840665467470872,55.47188408449636,54.12416817301754,9.10211725770743,4.744214658066955
3.3287497595597215,84.00002245724112,40.863370723545145,-6.89461101941988,5.6155040549850135
8.672940306264152,50.11108055215654,8.05703623459284,-6.749792953014307,3.0705515880530605
7.720810153380848,96.78774911361727,61.969546834656896,-4.309049286052895,5.84354108018818
6.345552494739142,94.60462426997681,44.881546178572066,5.451489255613408,4.424835817263528
1.2400862323669006,60.424516151748755,76.36862216392657,9.34014520143469,1.3957078152817495
4.9964018964270265,84.13109487015214,87.4865676344041,8.709954459688372,-5.648548029513987
7.226010826534607,49.13821941227401,56.7391595879414,9.429498247535314,-5.347157607622714
5.609006319134657,68.28579483268337,89.86289367829062,-6.8736028552251405,-4.327631874089417
4.793371830872822,40.05221582839141,42.61540925107493,-8.02005914366134,8.324698419534663
5.220816775893311,74.27123852722485,40.74723861717575,6.897774459182074,7.488144424205434
5.047844005584925,2.2161169525005575,53.0531359612379,-3.4798365066241566,9.62398549295414
6.5930802181007975,40.58149897927819,11.48780895257342,3.672420598272142,2.0290712227617185
3.8568153770339046,84.78923613557149,75.89566743473195,-9.320760126613495,4.403719201284506
2.333328226861154,91.16096941542789,5.754942565982191,-6.654928821089836,9.351492124383086
2.3423605305893505,60.037092505882505,71.21175890181509,-1.8995650900560754,4.234637638796281
7.703700220907943,56.747645269155264,42.98972321766629,-3.1057970524877003,6.070548122875273
1.4412119696800578,84.44437460270153,97.94951721833992,-0.48345681648711114,2.6725355383285816
9.333260890711843,70.26508371280393,90.23056121391504,-8.1901790012605,-6.327321117762599
6.705651157126511,59.083533564750454,26.25026718464828,-5.485690529596027,4.472469541627632
4.169180375287615,54.322109142205555,16.008005685027094,-8.70296293838736,-2.3434118589881
9.44895402823174,66.63300195146178,53.08544929172881,-7.752721991448039,-5.942884393192747
6.015451366967213,26.024347161916104,40.911651960659846,-8.608836291791018,-9.328346491523385
4.173801454887771,24.23776963304798,88.4824117278573,1.5087990149795196,2.0551494568930337
7.123595422279886,75.34306392521454,91.19676725108566,2.604327621457273,-7.8409561085876
8.130372187734668,84.79048673595744,84.82560895067397,-7.961115745299583,4.973593785554716
3.7541349618683335,68.59776093956626,33.571991045688776,-7.550353629638325,-4.046625442739613
7.532258932135229,25.587105816166556,96.03269024282893,-5.1184603616472435,8.207356922434247
1.2342509470473115,54.96774469693957,40.84575884925818,6.0379176035941455,-1.1137315696134955
6.566253085412903,53.18423913575374,17.32554274514517,3.776855066560156,-3.9066839003803917
2.761268050475181,34.247483347913,52.72725660115013,3.3885129848778703,-6.712458788877349
3.0009929250959257,29.401090861386393,24.032734145783262,-7.339262183943649,-0.23723381812011723
2.9375247849785997,24.077433295168337,12.657469964686818,6.337939297883054,6.949281247007924
7.271368140353359,62.38405186208074,43.36525778312688,4.592022415735341,5.796649642083818
2.197647184806191,72.91252686937969,15.591105037382192,4.594380294914874,-7.812909888032802
6.662857340608995,72.46752301412073,5.364888493824016,6.792940152695376,-0.2507147858491976
1.6904049374047085,93.37525209053112,90.28676063548083,7.326470330400635,-8.46586299477213
5.108889986530875,97.97986292285053,89.928868909505,-5.803985128303257,8.434817215905614
3.174191777923082,23.337636116605875,12.011566080659009,6.912798456398882,-6.151286438075482
7.201228239920414,68.1298263158564,69.90781973326229,-5.782324953557813,5.034168508795281
3.414816227588104,89.55111555267212,24.725396146256873,-2.5464107298784295,4.6888987436941
6.5122954737347465,63.649603769154574,0.4568303723169853,-9.224101478840554,2.31035489026905
1.8261675898474041,10.049563246258675,5.607075135357176,-4.138508779633153,6.741901707324541
9.498923054130014,13.949481238435258,15.93627333800316,-0.4868441537984687,4.894328444208703
2.235421248215573,3.1911675475227663,38.59265218664171,-4.417794615219091,-1.8137376640635399
4.9773981025734075,48.519058787847136,78.0336429616851,-0.633221372994651,-6.762252944878555
5.820262006790604,32.84439007774205,15.66008685193172,-4.650515224171297,-6.863329031183092
8.770536967664459,54.646200399892855,17.58281035197452,-8.767033205928508,4.531924045534801
5.7818311874617,91.50201197856491,58.692051903302975,-8.156183820525344,5.496261409293858
8.634617612067396,97.30396883673434,60.91457223992675,-8.930249974024203,-8.209560808126428
5.471586592680188,49.11220045988236,87.16922130205313,-5.9790236424347825,-9.827808753944506
9.44346420475056,98.7035788778642,56.02039083032266,-7.937520280351114,-3.0048107655714285
4.529281777138879,79.03927393911925,61.019658995062606,1.3018395391164184,-6.123912075999172
4.563973927355152,1.9667387774495726,39.343507300265465,3.9518858707859295,-5.039475423815136
9.935647229020892,16.933750763012345,66.90859075656907,-2.19803988893164,-6.300002717301176
7.261545595648932,72.43573257075836,88.59992398660242,2.5267307364441436,-0.5390775430419374
1.6536255006296492,45.21924988032393,92.24047674186647,1.0284994500651834,-1.7872037096865725
4.27253919197047,74.07962594039232,74.58123699915915,-2.4629783949151136,-5.067878069210813
3.2971535849993416,8.214260816697138,33.835142601459935,8.172143628884783,-0.13765167717679105
5.7606457001048526,57.9845705309608,92.88226862198049,-1.0287724515528893,-1.2058016242560612
1.6811806125164908,42.15231464896162,51.90577730116789,0.1880696646412101,5.565090646991218
5.77184464012514,65.85820860017537,12.375580631197769,9.697792127011432,2.2167678197527643
3.932862317280145,89.49817030703117,14.248755563433857,-1.4849028772065083,0.05104617048033333
6.888416744593896,60.7995667956545,44.546782175337896,-4.523447353287919,4.687236630032254
9.970509596586934,1.6105543874178174,3.858643303223852,-2.0943954999625554,6.7337804060296165
2.7307290412482397,42.60484298922299,92.40421243223848,-8.017027179842875,4.009113581902719
4.238923636793491,12.58345543194126,81.84258754660796,1.4550127756938451,6.316930846045665
8.85890172336352,4.049856621316006,71.81154120728867,-5.063239323277546,4.5922588374898865
8.079741374824309,29.471511875648805,76.8581968450182,-7.391714648106333,7.535286325074402
7.279196546538781,73.0107452061365,54.35277751252876,3.5285411155889346,3.250416110378504
1.930853985583966,93.60027750470917,84.63951609524973,-8.13665588324187,7.930740166737273
2.9792400598486726,35.730705493662676,91.47301180864113,1.4317496243740528,0.29361741603240965
3.585208243438165,91.19860723250225,51.379806861521004,6.094738999290527,7.654950179955378
1.7953902755424087,97.09879965816289,34.433335802730106,-1.895935992375433,0.09344198121154612
2.630273321717261,54.45393252442558,22.17275555181496,3.33128564853779,8.871767150225317
3.367391337023352,63.87425340670328,82.0075889796785,-4.118354165629077,-5.612283113045917
4.765280385569926,37.91478842662832,24.391177405319464,2.1493189075792536,6.260663898652908
6.5334163973646024,8.61449873564748,75.68242269373297,5.087760106489114,1.4484310504557172
3.6312833808226297,58.33586552035488,18.701748887039148,-7.573694788329421,-6.620374124385009
3.6957581895590916,41.593579339050905,42.07200471901753,3.8644302356150533,-2.7708447393403324
2.503951424183344,3.6476160993737294,7.574975080152235,0.0467889403037951,-4.698984047710755
7.581989543652009,26.89648319857868,71.26325895870292,2.529428944292995,-9.319553872264182
2.10124843734238,46.95067811259358,55.73496020542018,1.7266861215622953,-8.718647935577888
9.129849101445314,64.66408124453991,58.52498963270556,1.3717584476457656,-7.7011004217113
1.2267170513496846,9.094739427034105,76.66990655125102,-9.731105585323046,-0.209995323827755
6.4743857558887825,69.58768668517027,83.31432518846027,4.135574719765279,0.6043877387581951
7.800556476226549,84.06402067672342,10.54924801002841,9.401363848416153,-7.848727930052288
2.4047992633610358,13.549725009219294,75.21779642950511,5.922291960986332,-7.879063483225726
6.965030332613139,26.739907275518192,86.86903724883723,2.62048987623659,9.652407305920633
8.568583378002389,95.76134952445491,71.80312205470733,2.761016874842168,-4.603277117068183
5.658320574962095,30.71511419132579,61.903433736342365,-6.034924781929536,-9.50334710055789
8.011886891796488,48.093020093704794,6.425924854160192,8.70759208430768,5.672864006487213
5.734558411894687,73.60105040079046,49.90524878415849,-6.234337468370727,-6.553503658984954
1.4467317689477182,37.3329276270111,76.43585016936359,-4.892887714098901,2.720409571444362
7.1960134946167695,60.36827804230357,29.2993835729491,6.199798759928424,-7.33436406219349
5.222685076918891,8.935191632230266,87.77260156403335,-1.4209426060655694,-9.469386340266293
8.859736652437658,26.176403886194798,65.40402377806416,-1.6593635220810903,-7.338978071588446
3.828071868655554,77.5685164989511,74.78039357815646,8.96235643021809,-9.616002022656051
1.627531367867137,16.88922337555493,78.38758288911939,9.08466006710826,8.245188388581937
4.71645078055273,49.408595506184014,51.714654995731124,1.4758643409948924,6.762414199862114
3.99993771797487,83.8337069056401,41.390421554410395,5.385944831924775,9.210129279844182
7.990078082173954,50.36691327906798,67.23601662491686,2.9102603871169723,-6.7481164053809355
8.367472569100098,96.75128830791974,12.667932682695094,-8.431842264127187,-7.012465269932598
3.907416454754794,90.94557771032883,98.97412052481796,-1.1932145781925296,3.336889512456448
8.395238607570528,2.0084564762076984,19.0444173593204,-6.207872314217124,1.8634917446659856
8.994847126982958,42.762617500896724,45.85982788412429,-8.169601651493947,4.1462634548320825
2.381439596681573,33.45347162008551,19.262223577592476,-1.6528832408342247,8.638192784070863
4.936856039403144,64.03275634784238,47.02107212602849,-8.697708948721063,0.22442216796003045
6.0662514246835455,87.95640265602948,35.339192976359726,-3.376026274069737,1.4166559133708496
4.30589315805051,61.375638657081474,38.05048542041342,-6.803256513545666,-8.471717360943288
3.5736409665666304,40.83942106248465,90.32447677672508,8.444947780065874,-8.61321470455005
1.2909626496022513,43.28770478556186,52.4087935119198,-6.111039982225012,-4.289221789472402
8.252963522413165,35.8224756990985,76.69505423534709,-5.940440750436304,-4.063323986220362
4.374102529355779,58.67860550494507,69.2220696880825,5.7922476353010826,-4.727102925462196
9.497502788426882,47.45831662171112,52.58021267822498,0.8818176059391298,6.062517778560959
7.338783819700469,78.57511509551124,48.167950941530236,-6.614085052086372,-8.120899785538235
1.7758783299867784,12.39458774013612,22.463739235449697,6.614753104418227,-9.65427526829737
8.867147717780846,93.40624005356712,22.742576112639902,6.673743030862848,1.4411380961113966
4.833132999375719,5.111337837791763,76.83963135075841,-9.5697785307335,8.252007203216682
1.7580712521633992,89.34943952370716,29.069208588990104,4.473425704224155,-9.128051828855202
4.7868206452930355,63.18044957490678,48.5062362044987,1.6419925245839462,-8.396777544939734
2.310041646907093,92.41558376056322,98.43632448552246,3.6667762354702376,9.869200111285256
3.4573609417653013,83.95891956857794,59.49350248094697,-2.1448687669739996,-3.2153156093048914
2.188093903774983,60.80150813003395,77.97875738537807,3.8661529539498964,-1.9673478587984334
9.040283597309347,2.170363767923955,98.01458862103762,5.146053899318876,2.9406024963170534
3.2871343140690286,6.325598134979382,54.4637453147664,-4.36829170982657,6.534801363053205
1.2120219258063825,54.05653624638259,43.403831677293226,5.559420755724027,-9.456438960443913
8.118923616140167,40.24477825252977,38.44917562546991,-9.818365273048524,6.076591632923588
6.517728198226899,7.113012599849899,82.67334859526655,-0.6136623901741913,7.000375631258635
2.2552170999600625,18.393129136462893,60.055876993805,-2.4346937328005964,1.6993932626489752
4.073499938956101,50.93258057112918,24.35441952822559,-8.981158639077314,-4.62166732969761
5.517572089041568,61.08575569037104,62.53737954449085,-3.3772994599191613,4.740257856339245
2.991036163335493,43.4557271689465,10.32540403443324,-0.7246603764193758,8.799771877118168
5.04867104084888,39.93745634763259,89.37950993644226,-0.4092821185748683,6.993932494615596
7.285292249687065,83.82525471326397,74.62424215140395,5.013930935333917,1.901073390704024
5.388910035647655,85.66307922013762,36.173315462930674,-5.237439122138213,8.050100578425226
9.728023443895877,71.07880404678507,44.32388713124509,8.012925362718164,-1.0488077023892366
8.767042536576646,54.9142112717014,77.89077859614359,9.568959465667245,-2.4113842358572235
6.017251722535952,25.18450437237356,45.29534027478803,-9.27890929091409,9.37714760894821
5.923234405857269,6.898638473008978,12.032307890697114,1.5015459871250076,-4.088689435579984
8.736568124700183,13.629070183862545,30.756413103522885,-2.3342197781631002,3.8708732023773447
2.7480439287422582,10.626764707514369,87.71052575259436,-0.23850859443394334,1.6811465062258613
2.0089365771693064,75.63894077854665,43.83765834142571,1.7354825676555468,5.641397756316325
8.6922766806945,6.408112320181036,50.95143523704526,-9.416314282109454,-2.040100880398448
6.560894666137469,41.769342493012914,71.17589294943247,-6.051597708786167,9.80954592488316
3.6116396717117865,94.31681640871247,54.74610513439314,1.5385423118431838,3.0645738098987447
9.567436384299736,60.82482099756196,41.54956180928503,1.1539648223689838,4.191856328724114
1.2233652458166175,48.22228982938614,82.00545113935677,7.186194019307603,5.591070958479529
4.48307188314559,63.33034602165182,97.37289727211099,-5.604678269897572,-5.683034925848503
8.55188755028932,36.29553246318634,84.38382037621062,0.7264625587076008,-7.846967867869303
4.795234014695741,26.342970140098686,15.441083494533302,9.333563658440529,-7.273104580353927
4.302481824969464,27.98551673294981,88.66486404066636,5.227137831847532,-3.287311509829964
6.358656814669189,13.195444504142683,23.35460034814273,-7.266319387446531,7.538057381510946
7.3099569475676205,48.18512946007265,33.115744877411736,-1.3340091254836288,2.8248666765945316
9.34710960880221,84.22012844269965,36.824452874452376,1.9216064940465376,5.921248994407238
6.139579212068985,32.726397703372854,17.531234738573087,0.10928486314197272,6.365508958553043
5.084848981838729,61.47589589791763,55.29073402408292,-1.7109975375965973,6.076698623434712
6.548312977349546,37.387830045697115,83.306015994787,-4.779887916555474,3.694448352794611
4.074534672669177,86.14838397415383,89.84240596501034,-5.739820858233511,-2.151041980539599
4.949923040749156,79.17125392471738,31.006549520562864,4.755679634635747,-8.59437996367738
8.30964802067524,70.22654163828628,79.6398647099889,-0.11420706932976543,6.870843824044194
2.185658184307803,92.40305191971541,9.672696035542405,-8.56668421370329,2.304247749914392
6.018217508655978,68.9653294363147,5.654609476507422,-3.6236454133434393,-2.327022682990709
6.149772964791509,30.28084648271542,57.0750023285412,9.713820091478798,-6.792700310679438
4.166040287744446,23.607462505580845,65.9030260011843,2.309159956446038,6.238970122696891
1.8209837749965851,3.534772089111504,78.20037830735426,-1.3395571943334446,9.331753786936972
3.9648985215729775,9.558366792133455,21.94080766103278,8.814813695649775,6.307504097218313
9.257976002895733,12.584662192052676,66.4168805716125,2.5795711819387197,-1.6260138421828163
1.2382737135628243,19.202553441678518,23.49079779367006,0.7261031082024711,-6.286590809747596
2.503824846877989,25.495781608228974,53.03947089851643,2.750450214192133,2.856509597023635
5.406150110482145,13.542811068620109,37.517327444620754,8.982324371836722,-1.9005527788700292
8.674491441696613,33.444127901103926,42.40296233205295,3.8335252046944746,1.0691401083924497
3.0467868438706347,35.45662926164641,3.3845283885030386,9.983926578508523,-1.786362761741172
8.986047082952513,96.13858784355472,54.04236414978314,0.2652701846166572,3.7466293644899746
9.571124536732505,50.38854312312322,71.79538761214879,-0.4475319055258904,-2.87733665119209
9.708291132395921,38.4467536051216,15.38011548039332,-1.6605496902354702,6.351348889864845
9.036510167962657,27.858288305829284,28.28979578169124,-5.8633342809570195,-3.9134106106111783
2.7253308614351033,41.570659271360896,54.49933135164967,-2.541136487535505,9.75906636824655
9.536369496685051,48.05753726323333,87.24234964891674,-7.505741098985954,-1.5217335728989063
4.114353617806225,65.4449038498741,34.168720431878285,-2.7973535996658683,-9.812059602899595
1.6779403986656942,73.07884237336314,75.12640642024996,6.866491088549509,-4.27145596109259
3.1120220875388522,37.59899359483574,3.9537722951336396,-8.00766331416514,-3.7749040222833425
2.1341437334021585,24.37946131188945,69.40792205594568,-2.978972049778972,-3.7694860819820892
7.006419848137959,79.39599471160015,45.473403303240964,-4.520510135413911,3.6178704114693225
3.1166834749521577,48.219140500664146,59.54279802180618,1.1457133720692525,-6.209132725139918
6.004883000002882,88.43008169402378,82.70330461185668,-9.830294317758053,6.0877855973445385
6.849336394338975,37.84373212162816,57.22472822587,-3.206665728519285,2.8719137290818075
3.8166609383340906,9.381695685023061,5.532289027125792,3.3126688248961464,6.8185141223608206
6.510821563091411,6.859293097247465,66.30986873693038,8.23747517912404,-2.897209488594587
2.070710011931411,91.56963728319619,16.65593203914233,9.530166442341532,1.894919145691354
7.550463334977172,40.28896094054528,62.81864142458314,6.728230337768849,-6.620399865790201
2.1153502885728006,60.22629958955896,71.87077349363332,-3.1435493447943497,-0.405270571777784
1.547384742754705,52.216895023287165,58.723931612945975,-4.472799446025643,2.156921290249315
2.712033573862339,82.09987679958621,78.61762518040216,-5.648627765058151,6.174240491680315
5.268472509664445,9.68831692133303,73.66253709557462,-8.680025004372682,-9.04988956277328
8.372788765248806,88.62286289643855,17.37034215157737,5.462836649286832,1.4017099567207687
9.134119848628673,66.64398464514966,21.97525935714173,7.341426846569508,-7.86153315152585
5.100325561562412,98.22199570912926,67.6452488604241,-8.375509885290208,8.030455935195231
1.730233404004677,70.85842880476729,33.88375709824548,5.581536649237444,2.3640777519590817
9.354075864475806,31.316236365921355,46.230482850842336,6.5822752734795,6.830639127814859
5.398903469276254,2.9063665994942367,53.08626459276802,-0.05202476567870029,-7.175262820655519
7.804897337431807,98.72520456674468,29.64362211433177,6.146950307357137,-8.911303462634272
6.123882354857991,11.506918716962023,71.85812119968517,-0.006273803649641252,-5.271779188866699
2.245094207367086,88.490939933456,46.24173549319074,-9.669574532225337,5.877097859765449
9.979518413158404,99.44302496792005,61.62579212854358,6.961037731158697,-4.352983442678164
5.486108251011888,38.20272416648655,24.53973162705989,-9.464395465539276,-2.7852026874949765
7.931065559779544,82.80883490971573,24.481275979468876,-7.452394437474488,-3.9514390262987886
9.49548073533878,85.59407288669708,41.92473936357983,-2.5342870013143504,5.543066216600309
6.461897284030248,8.036913000788681,54.92307404903982,-6.385964888835058,3.045781282202304
2.8659812935951283,90.13483930556582,6.3461617654231635,8.07342143213366,2.030796524156939
8.39342977902703,92.46353294643616,86.3265405967801,3.6078815371735917,-3.6709020300843846
1.9202960629063508,30.878960545063684,58.784832992937396,3.8044379035683455,-3.2917094450232964
6.191903541596054,93.61010759306873,15.576922975743868,-0.12283568644641818,7.814623007505396
5.6538921275785485,95.60033197001529,15.20793020687481,-4.970983900708235,-2.7240397573468123
1.740032095923275,5.243274493749494,40.52814627797433,3.9105129919842074,4.851407109400068
5.011710902739536,48.481230867089266,5.059532483844242,1.9690713231041617,9.719249889203493
6.171634839757899,11.647350445814798,56.61766629275788,7.389534095643867,-3.747223521064205
6.502933293382227,99.19231176148955,15.752709720595027,-6.728908020790055,5.791003463817679
4.185824353504664,37.786053768789564,70.18869498235411,-0.3256672014245332,7.537309261160171
9.151897663261295,47.373915665490465,97.85504656573444,-5.450836013467299,5.57107433795035
8.784377210369342,85.5062631759691,49.78908721514976,7.320225273938682,7.4866449946849265
5.997770393601664,38.46090757340288,83.87955738093731,0.47477962207976354,-7.219767964954538
3.7692926241683304,43.620515140812685,66.55795750139416,-5.3967711437369665,-4.299269760865507
3.89199529088891,6.045194909896512,59.67406061369874,6.745933654860675,-9.700350318273705
6.598894731799268,25.661997872116814,80.69467508766809,0.12967719776180076,-5.673168320232538
6.771985752149021,95.2359001118711,88.64775859332022,-4.8807727518002375,-9.652155872386833
6.092750514809881,18.671900922608387,96.51799931701836,8.54819340116455,-5.150285267870807
3.917831129191271,26.602866221989572,55.67819512528983,-9.661460352735762,1.3768087654863077
9.7610580679498,45.45062593515029,79.2986832760755,-0.9817967411765096,-3.2609732925265833
5.48151129375275,52.47886878797063,81.00376713743992,6.635843542476145,1.2352627300209544
6.522281964803951,3.3373714323342796,5.500478221244032,-7.0357762918346145,3.195685966740305
3.9047198860461254,2.0388881384376334,90.73898230472048,6.779640044659708,-2.1885856790361817
8.596149125402558,61.152081659487415,65.48334793776701,0.7230238167461973,8.28664592524769
1.6375439461562817,95.18585566875404,51.349782493892896,0.026027052335122036,-6.911737177721269
2.213913979313891,47.821170550882094,55.721463119389306,-1.246085116755399,3.870025816072504
2.673089323444414,81.37900697691234,25.166828585240186,2.53497547203969,2.685043280192442
5.870437908512732,35.63543418999831,88.44906229494445,1.4814520256448116,7.857449771752634
1.0565872763829791,79.18144607602923,75.92043478229259,0.37843427408558483,-6.42900316465199
9.255002925822627,31.714591232539757,3.8150257351412975,-4.449579736924941,-4.037964481927139
4.088407814676212,53.203908196346084,46.66872124586241,0.316914697132475,-9.714985340278076
4.527361578636598,76.65297981523858,50.327684611220256,6.542096836237416,-6.170324007042252
4.732958853434098,63.26195992516499,56.19625706698814,2.8364414900892303,4.580388992928892
2.751769535550174,56.49548078552655,32.31990612695221,5.549940431410537,-8.338299287551061
1.81667694139649,95.33699479935052,23.025996271298187,-4.3432688363567635,6.557463072050879
5.398690175235445,14.27084905664131,40.45389171249957,9.69266570281031,-0.04173410798430588
3.2145780828455175,69.63856681337003,77.9061401900174,9.703503819297218,-0.365181630728701
4.795429286993368,76.63635835060836,8.862372757231164,3.2053721226386855,-0.7946956451562404
7.6726620383559165,71.51854528496048,89.31755599205414,-2.3607434681787236,6.16015165452832
1.8695962069747516,56.44800897333687,1.5633446312869226,-5.375989670534349,-5.198374188416073
1.0123545159027107,82.79960556349506,32.62904988353248,7.704228473913702,-7.914773529723103
9.035417387048124,10.465528088785714,51.05308123107237,-2.420581300452076,5.5227955741987
7.433631903059139,8.11731877516413,9.709745694596405,-4.700975627965061,-3.2002912739269496
9.821316180915446,80.63203388112069,76.28404298547713,3.290317538195506,-5.461446536601759
3.831550427888081,83.55072204011704,50.75918516176312,6.6552805276868305,-3.335660731322543
7.495713666862412,16.390988075513903,35.31772272203312,7.4322393445321495,-9.255386037063946
8.250542729878104,57.31796387287539,24.046987866208624,9.077265518661402,1.1517309393516317
4.750718004377088,29.483528938725513,0.34131441119157335,-7.458450108074559,-4.485095793105664
1.8110752004537805,92.38550294586597,9.074587608459261,-3.546766199004807,-6.132754601939543
9.993382568995608,81.2994258668938,32.69468120124361,-4.356346974672707,-1.3064298679788582
5.9171752268851465,8.795572631000336,52.82190173817334,-8.102163432647632,-1.7568289036783487
9.595384600166708,24.0089696628497,51.15821703861133,-1.115216742436358,1.1349637362935603
3.21008680652893,7.59916147022317,1.5764589369035797,-1.16917354854235,-0.22879334379440763
4.997899976090334,98.34129273648405,69.64427565948242,5.830093576209645,0.6368607871000069
7.7679177310542675,65.51747880501647,64.06247280465551,-9.048784821103268,-8.568017657718636
5.351503419539669,17.008748083680246,98.41234269872145,8.551034068804874,-7.121409131086416
4.6594189229667435,30.988294565845575,83.27022273453375,6.287936594883192,-4.997756030771072
1.4768242707181074,96.88886361940551,0.862285805144869,-2.0818275805786834,9.319767967708486
9.631942520336825,96.09790208630479,40.71005312900455,-3.94690067890102,4.1236348813361445
4.454839063560037,89.67428445961781,96.36968029442943,-2.5060528640050928,-0.7872938204298521
7.373140614685677,53.5682249542379,93.44867322568474,-2.35112614614839,0.7117661994284674
6.091103249179202,36.08774795487207,26.47944456739717,-3.1268660387835894,-8.42014177003196
3.17367227661987,61.455619242132954,42.14676070829558,-5.118245607266559,8.327447787037794
6.105603371123829,50.101903228518886,8.02746407129339,6.75157084487202,4.1327162259336685
4.160069408036845,20.574163086649456,93.20122355301656,-7.313727825553045,-6.712040152840895
6.6615975885175445,27.037045627717117,3.1337470220970998,-1.987861959688038,-5.8814942808629915
7.824392003921924,69.29700640237131,8.618923032900906,-2.5339043248886632,3.406103450187686
8.743743056329404,88.90471706983213,34.96626560576303,-0.4538039851915556,-2.701545608436666
3.4926995670696486,6.166561200094389,13.407743292080953,3.990417242843801,-0.16173036742416969
2.1500435126281356,71.65671014921861,26.843267161096364,-6.8361563635583655,0.25885987064756755
3.919833076986973,79.44719414058912,91.97992113411763,6.350745291735841,-8.859961268916068
4.326963850281421,7.638277756752054,15.987362441195984,9.845901539598515,1.0054391835002328
6.733928794812912,5.30835321442148,61.44596072508792,5.482105412529137,8.412093386327435
7.53387278175728,33.17192766231286,47.1860450105237,-4.942864398308647,0.713112951839248
2.532936883446743,38.52602180076663,42.61838910943309,2.178665637246585,3.734183739781759
9.306955356836475,22.63994633879833,76.17875866492732,-1.1645195620690103,9.02984648620188
5.249221464541357,34.95282929501592,56.31486980593594,-6.72221997965462,-2.8255630984371205
5.832066072620613,44.52874298739277,12.780046387006205,-8.222774646039836,-2.323343710974168
3.9563585038350553,11.628589825268199,14.186511210488783,6.307146876023818,-8.13623058361511
6.928381608508298,32.632807823518384,92.648196164332,-0.6481160809469184,-6.0462485214000905
5.44660624812202,68.32655198232084,43.56707642598895,-3.768000250224537,2.394204661931809
3.7217640081605774,17.018290412157988,87.13309837011406,1.8270172925590078,-6.747837819161219
7.768404090696594,85.55988454623223,96.63482722558747,3.5907081851173217,-3.4478881306467013
9.49491266110031,6.006578324274514,89.28944323344159,4.623142249982088,-3.446573536701374
7.654950697328601,23.27095406778985,34.01636392546865,-9.950198074020244,-8.117007275310524
8.722172338168697,12.754286398930581,57.39949160897475,-8.574740666266624,-2.448433789056928
6.231714365496472,99.417972866181,47.647638278197704,-8.729760326144886,-1.0150536488598245
4.936449957744012,69.84806787506555,99.94034554340789,-3.2176210286553193,9.62728662914255
8.069886535128877,52.97272893140658,63.278454615086254,5.372791656156146,4.5616453091488225
3.71937895195975,41.219070044402706,35.54606130836512,-3.9664138852114856,8.311245935640834
5.188486081519037,14.155240171970906,41.74458272426321,-3.5962627076786706,6.340253175335235
6.301943299109981,21.06940021106437,40.300171057051294,-4.916516506818304,2.4253669053010274
5.066040861102403,78.63923550627489,83.65856338004731,-7.587347584952866,8.569674599008948
5.42220984274285,12.608066311396183,96.44670095545547,9.777190399502707,-6.267520738611447
4.039510582931124,36.71668205519135,49.62485249585471,2.1410559147323145,5.362697164523675
1.7335668230067012,47.61331140350554,36.9887595150032,7.8990302451677294,-8.678856249062285
8.6225834778249,79.42659507064597,51.517938687408545,-6.025223227721255,-0.2900721894921894
2.242332682715347,84.26281164058055,18.09841257945767,-4.617756360309633,9.874353551330955
9.290654891758187,34.12221888036674,66.62144246200108,-1.8791114054157099,-6.801980457010592
4.261800920555012,70.74175365612592,64.93644455793229,-3.735409535366127,1.2926642166399667
8.253815557024375,38.211350723874915,61.03353698009493,-9.67253789370414,2.826771372840561
2.710914571255968,74.39200003410168,23.747750945334424,4.559356397315838,9.695522691487966
3.456119921533554,66.69504118535706,41.64399824309712,7.734630988776026,-8.532529816378094
3.9673572684037173,28.84023765826036,21.86820194164212,8.847131257130197,0.7420928347467566
2.6392866058839646,28.83498150458529,33.16712189597249,-5.929190986589916,-8.121261002666065
9.020998786035463,88.2815748290125,97.84584755309,-5.718883635390548,-1.5410668661587863
2.845062925503922,71.1220575360951,85.80489496933522,9.898910950374763,4.225655448104446
3.043684117673778,11.676677757315336,22.36705808926939,4.5624536776783735,-6.3696966864806726
5.683100726126878,44.87755468943442,26.378226403200767,3.548934305867064,-4.2169289204553095
6.973333193244323,72.53546830029433,75.21570569737705,-6.482208410042478,4.451487905696803
1.0625391289113577,2.4505274901949536,45.7634469065009,-5.908145127080877,-9.929685920544607
1.5067529444122334,88.27947041351258,6.220932104784094,3.443678618039879,-7.900314240810324
4.808559252531258,42.96962270721812,65.70693743458074,-2.0668888486744486,-1.221390253187142
2.2294577870690633,72.34740384665758,47.27876599306959,-6.670395972541867,-8.513768846234118
8.798232124566624,87.7288344274039,69.14689954592399,-9.218535376675334,9.560747731162841
8.796555620777323,17.727315367014928,24.720783076991147,5.542919866831735,-0.17002612082198176
6.152388510127563,23.954285842037436,14.974462946516699,8.617381936574596,6.980691817898837
1.124890349723455,18.619111707623603,49.67467685369803,1.8414265121621725,7.342750571372314
5.815132182615536,8.063611001345162,47.33475817455688,3.7650950887982617,3.9385797795209125
3.54939311080805,25.987054326417404,86.72317902444368,-6.287709072511989,-1.7313303876808472
3.648837952386413,0.296163362595836,25.890711740206708,2.578185503828472,-4.0558778515921095
5.1184294976720395,61.489273832157046,79.18296870624543,7.677791543655655,-0.15806970823400057
6.923033118627735,7.086638901223285,21.203504130242756,-9.84146006944809,-6.760106749740313
7.591744445079852,82.35349256543249,25.71153478502567,0.060317598528564886,2.7861967465194066
4.329625967263379,35.337856333931825,30.813722790797847,-7.727148810367101,-2.2206594728827582
5.305740387301694,44.994931996803125,27.259543171997112,6.881678702686614,-7.510756737393606
7.631761181783082,60.44507312139233,6.204073926654874,-8.054585738775625,2.0714829324997748
1.1917591058337433,28.68787782994955,70.98618528382417,7.105575099262079,-3.2680804043317107
2.8934200121833786,33.47242979427123,32.607995337547926,3.273707394085273,-5.094976931816879
2.597614091924449,29.839044590179952,67.19828505397534,7.513687042021687,7.9332355975558
2.7079385900757025,60.87498135276634,76.34676756776936,6.9439795293319335,6.507717886090784
7.213152714742637,27.245572553135744,91.19952059356518,5.109074390038746,8.891425496038757
6.638576775854714,37.664921620731185,31.40006401142328,-4.706919466104054,-2.201768566431901
9.835658019191255,61.56339501070987,72.21614962959079,-7.4252579061276425,4.460280530154048
1.4466183101184447,36.20972931519256,64.72955187605109,-2.9056140231430083,-0.3129158592527368
9.902756377078124,80.71028951325182,28.587184165290125,-1.9999127479074463,0.5840999595936243
3.7961919611850186,84.64536536871864,95.08441172617084,1.1458772806643118,-7.224975022734741
4.344112010571571,14.937991000637718,89.38374065745758,-8.913551852874551,-4.778675151350383
3.595862526396187,48.88440841507457,1.17092431163337,8.771960150202169,-4.941303664742442
8.173619216130199,47.657530210801504,92.05820520087474,-2.767356911752068,4.978027666301443
8.521700004694225,10.138275715324685,84.18210654315692,6.540310049962873,-2.350195697786342
7.0474353095623785,47.62746706700217,49.39128904885875,-3.8536885288146294,-4.941794629254694
5.92135449513034,0.2362220476832766,93.34317735581176,-3.2931878964803163,-4.494015884902569
6.3509360732341875,81.3487170158318,65.40782119028646,8.649559334790553,-8.086377804400094
2.830821633797313,72.52605196482085,72.59805821053652,-4.88888644776358,-4.065804779827085
5.8606216042603485,2.547429601242668,2.8473700865153995,-1.130435242592938,8.92111038671754
3.0417448617187404,65.50894629023018,42.6068959455292,0.8365121925841592,-1.8101658769673339
9.213484705277581,40.01433560052524,45.69596840236652,6.646787891896452,-8.68766883821478
1.354680655719692,5.9605818175749175,8.053924120366673,-4.342077519137549,9.016162390562375
4.785373771245883,4.077176966931317,69.96507605116763,9.84325795002973,-1.7288403357725102
1.1421419070358352,79.68032527392151,62.15919954463056,0.41395754573486165,4.3932652540422
8.956295958071962,8.100405604072114,82.34306733582748,-6.878350405856837,3.7952173987013644
5.688806245736305,28.94899749286243,13.309943304254535,1.3895244754250662,-8.08037855815707
9.84516321949319,22.26619332007852,23.073155956137047,7.771121087304056,-5.1700905471783205
6.298404840641316,35.186079177611276,17.98030867267745,-1.8632192857693575,-3.664919527970463
7.4583427513930545,42.33835797395851,82.30185031498733,9.643918718281547,5.676075979918336
8.799983586862183,92.57193740029007,51.78658736815534,2.706518641441134,-0.3896490328985447
3.6181290958130554,36.79644608887471,67.77042410674213,0.020172069018006056,-2.171242719017208
2.5187007477372574,96.88572093295733,88.84786911323592,-6.583602805755968,-2.3248681639580404
4.915257817965472,26.686143036614407,10.892999296318306,-7.173886035499704,-6.201509704480658
9.73918936681071,39.59324448508747,61.333572654600744,0.9668108602571834,0.6458988014843996
7.137317733855998,26.83751275902928,1.3136817968965375,3.877528023876824,-9.331679208303997
5.692316606754858,69.94827532879661,32.312902268291154,-1.3601186646611438,0.13805292508237343
9.232066285325129,4.06971378983304,65.89104633161844,-3.390058160537423,1.0986712139146189
3.987461266237595,36.23447322830413,94.82639847132847,8.155916850997627,-7.3066737465416365
9.664525561381883,74.87428327979121,32.29719765744932,0.6701315885649635,-6.472672141790876
6.043587135936728,78.24033721053446,24.682488582405504,3.427897706015859,0.503116513141677
3.7094294382922017,37.46227944403664,14.631076741857807,-6.976886643282986,-2.9662997727696467
2.1684105220054786,7.047108078801189,54.707997434933816,-9.427603715759554,-6.95205562744076
2.444570332379447,81.69458140649638,10.849997697165914,-4.4157729708949,7.6555898868791346
4.282070428608815,88.65132400269829,12.024547728698842,4.829091534693601,3.6107271764903146
7.940801210871176,15.583077426091318,66.79723721900788,-9.965363993236682,3.5706065464344263
9.427784482402652,38.303541816861994,33.48711483167469,4.249760230358369,-1.688367778912312
4.531309804168851,49.29616449893498,48.062212166570994,-0.9762157561609435,5.288561581290999
9.463142574121818,81.50170516077131,87.94965211343586,-6.338680564720967,4.278127669450429
5.647164094202443,42.73554585884515,80.70598722006534,-3.4006207203996226,3.0667929692807547
8.861165667785645,85.28956463859436,83.17445985710322,-9.344314470889966,7.802156770697071
1.2545421183311953,87.92644919591045,58.20492507622587,-5.229890170667215,5.524414548159527
4.3500951022646275,42.649751969285965,90.65966001715287,-0.915622643021841,-3.0026977890824336
7.150845352139361,64.22850533836504,34.17528231728304,0.9501487878830961,-7.1636464539050015
3.1863324099120156,24.02065527213203,82.80814149965056,-2.3271653098705025,-0.06108949263713903
9.331365797967974,43.85930748696587,68.44751462766008,-5.675139837048504,-4.29687262190458
9.252179674029485,95.23710599572212,59.882399743347506,6.3287369388409935,-7.738504215063005
1.5068092000393203,40.549283395772186,84.74980405019208,0.2694760781609631,-8.028384813038032
3.5353485822989152,15.098045216597821,13.365913112293427,-0.49587176899187213,-0.1517562013578626
6.691375122006425,33.69735925145463,39.829228648014904,-2.9263139676156324,5.188965508251309
1.6363114839320723,56.610188186264686,69.81869359239897,4.1857123508945815,9.865039930297396
3.7155900427207724,61.9977963470571,15.647230370376597,-2.4590945721676594,-3.268472234378379
1.202188156692635,1.5525187352747771,33.37078367291706,-0.27891754809476055,9.544428469707917
4.116194779945397,80.13059464435919,70.1358865498474,9.60034320849077,-8.469220546258498
